session_id,participant_id,status,started_datetime,completed_date_time,time_taken,age,num_approvals,num_rejections,prolific_score,reviewed_at_datetime,entered_code,Country of Birth,Current Country of Residence,Employment Status,First Language,Nationality,Sex,Student Status
629e53493f8ec37955508db5,6090953cbe59f98f20b1acac,APPROVED,2022-06-06 19:19:49.179000,2022-06-06 19:32:23.798000,754.619,20,37,0,100,2022-06-10 08:13:07.164000,2B73928C,United Kingdom,United Kingdom,Unemployed (and job seeking),English,United Kingdom,Female,Yes
629e5360be340e48d8f9103a,5dcfe586568ca50df554b109,APPROVED,2022-06-06 19:20:00.175000,2022-06-06 19:25:56.597000,356.422,30,182,1,100,2022-06-10 08:13:07.229000,2B73928C,United Kingdom,United Kingdom,DATA EXPIRED,English,United Kingdom,Female,DATA EXPIRED
629e53923cef287a45c06174,5f269d0960644b3e1978ed5f,APPROVED,2022-06-06 19:20:54.479000,2022-06-06 19:27:32.114000,397.635,25,45,0,100,2022-06-10 08:13:07.293000,2B73928C,United Kingdom,United Kingdom,DATA EXPIRED,English,United Kingdom,Female,No
629e53a911cfea26994bb210,5e2632ae8688088872f04942,APPROVED,2022-06-06 19:21:16.461000,2022-06-06 19:28:54.069000,457.608,26,210,1,100,2022-06-10 08:13:07.438000,2B73928C,United Kingdom,United Kingdom,DATA EXPIRED,English,United Kingdom,Female,DATA EXPIRED
629e53a9b881c53786da24e7,5f1f5689321e4e14d110ac2c,APPROVED,2022-06-06 19:21:21.742000,2022-06-06 19:30:46.481000,564.739,42,182,0,100,2022-06-10 08:13:07.360000,2B73928C,United Kingdom,United Kingdom,DATA EXPIRED,English,United Kingdom,Female,No
629e53d39613f44719be89d3,570d45dc42a1db000ec4d1ce,APPROVED,2022-06-06 19:21:55.548000,2022-06-06 19:29:10.313000,434.765,36,580,5,99,2022-06-10 08:13:07.502000,2B73928C,United Kingdom,United Kingdom,DATA EXPIRED,English,United Kingdom,Female,No
629e53f2cdfa77a77075b608,5e8a17ca3cbd116b88361755,APPROVED,2022-06-06 19:22:28.262000,2022-06-06 19:28:48.057000,379.795,27,458,2,100,2022-06-10 08:13:07.569000,2B73928C,United Kingdom,United Kingdom,Full-Time,English,United Kingdom,Female,No
629e542b6e85f45292375b38,5d4dbaaa9a22ea0001d735e0,APPROVED,2022-06-06 19:23:32.349000,2022-06-06 19:32:40.775000,548.426,26,28,0,100,2022-06-10 08:13:07.634000,2B73928C,United Kingdom,United Kingdom,Full-Time,English,United Kingdom,Female,No
629e544c111db413d4935554,5e8eeb27a22991000abcb472,APPROVED,2022-06-06 19:23:59.628000,2022-06-06 19:28:16.638000,257.01,31,296,9,94,2022-06-10 08:13:07.699000,2B73928C,United Kingdom,United Kingdom,Full-Time,English,United Kingdom,Female,Yes
629e545d489bbc7f4835bd3f,61051fee6f4445537e79d659,APPROVED,2022-06-06 19:24:13.322000,2022-06-06 19:47:23.635000,1390.313,37,388,4,98,2022-06-10 08:13:00.022000,2B73928C,United Kingdom,United Kingdom,DATA EXPIRED,English,United Kingdom,Male,No
629e546f74997390c876d419,5ecc2ad213612d112807e108,APPROVED,2022-06-06 19:24:35.273000,2022-06-06 19:32:37.931000,482.658,59,446,13,96,2022-06-10 08:13:07.762000,2B73928C,United Kingdom,United Kingdom,Full-Time,English,United Kingdom,Female,No
629e548483d83f79d9e3de58,61fa900dd42cb19beec4904f,APPROVED,2022-06-06 19:24:55.635000,2022-06-06 19:30:39.626000,343.991,32,120,0,100,2022-06-10 08:13:07.826000,2B73928C,United Kingdom,United Kingdom,Part-Time,English,United Kingdom,Female,No
629e54cc372022f50b077a51,5b902fc6877eab0001d7b449,APPROVED,2022-06-06 19:26:07.639000,2022-06-06 19:33:25.228000,437.589,38,723,1,100,2022-06-10 08:13:07.890000,2B73928C,United Kingdom,United Kingdom,Part-Time,English,United Kingdom,Female,No
629e54cecd8bb73bf694ff6a,5dbe90f8965e863667a79ca8,RETURNED,2022-06-06 19:26:08.268000,,1871326.53963,31,374,2,100,,,CONSENT REVOKED,CONSENT REVOKED,CONSENT REVOKED,CONSENT REVOKED,CONSENT REVOKED,CONSENT REVOKED,CONSENT REVOKED
629e54dcec025e2068c28e3c,5f95f7f71193824c90e0b5ef,APPROVED,2022-06-06 19:26:26.281000,2022-06-06 19:36:37.551000,611.27,50,406,7,97,2022-06-10 08:13:07.957000,2B73928C,United Kingdom,United Kingdom,Full-Time,English,United Kingdom,Female,No
629e54defc264ee3b3e9f8e1,5ef212ad9debe20170013e1b,TIMED-OUT,2022-06-06 19:26:26.226000,,1871308.608463,23,255,3,98,,,United Kingdom,United Kingdom,Part-Time,English,United Kingdom,Female,Yes
629e54ecd16983b1c88f332e,5f64c3e18fe78602c9569227,APPROVED,2022-06-06 19:26:40.040000,2022-06-06 19:45:39.497000,1139.457,20,204,0,100,2022-06-10 08:13:08.025000,2B73928C,United Kingdom,United Kingdom,Unemployed (and job seeking),English,United Kingdom,Female,Yes
629e54ff43cc854324b16770,5c3dfd3e415e77000112b4b3,APPROVED,2022-06-06 19:27:07.356000,2022-06-06 19:34:07.568000,420.212,33,600,3,100,2022-06-10 08:13:08.089000,2B73928C,United Kingdom,United Kingdom,"Not in paid work (e.g. homemaker', 'retired or disabled)",English,United Kingdom,Female,Yes
629e550d92a5055d564d5147,5aa8ec26b5e2110001c75442,TIMED-OUT,2022-06-06 19:27:16.440000,,1871258.436234,30,443,7,96,,,United Kingdom,United Kingdom,Part-Time,English,United Kingdom,Female,No
629e55157de0ce99b7fdefcc,603e93b04847faf6d6e6d7af,APPROVED,2022-06-06 19:27:24.707000,2022-06-06 19:39:54.993000,750.286,20,102,2,98,2022-06-10 08:13:08.157000,2B73928C,United Kingdom,United Kingdom,DATA EXPIRED,English,United Kingdom,Female,Yes
629e55160f2530d972e924bb,61227a8e6f1b2da0e94d3a22,APPROVED,2022-06-06 19:27:24.496000,2022-06-06 19:42:17.488000,892.992,46,41,0,100,2022-06-10 08:13:08.224000,2B73928C,United Kingdom,United Kingdom,Full-Time,English,United Kingdom,Female,No
629e5518dfa4624af5f501cc,60f5898124c9c172df40564e,APPROVED,2022-06-06 19:27:23.999000,2022-06-06 19:39:16.629000,712.63,42,126,0,100,2022-06-10 08:13:08.293000,2B73928C,United Kingdom,United Kingdom,Other,English,United Kingdom,Female,No
629e5519c9f209f590e783c5,5f1426a5e2e09745d203025b,APPROVED,2022-06-06 19:27:21.655000,2022-06-06 19:39:12.493000,710.838,21,357,0,100,2022-06-10 08:13:08.361000,2B73928C,United Kingdom,United Kingdom,Full-Time,English,United Kingdom,Female,No
629e552104d3b8c7912d5041,6165fb4c20c37191a58b675f,APPROVED,2022-06-06 19:27:34.214000,2022-06-06 19:35:03.847000,449.633,47,396,1,100,2022-06-10 08:13:08.426000,2B73928C,United Kingdom,United Kingdom,Full-Time,English,United Kingdom,Female,No
629e55257cb33beb16359149,6149594f25a3dfea78124a46,APPROVED,2022-06-06 19:27:41.146000,2022-06-06 19:37:11.016000,569.87,36,70,1,100,2022-06-10 08:13:08.490000,2B73928C,United Kingdom,United Kingdom,"Not in paid work (e.g. homemaker', 'retired or disabled)",English,United Kingdom,Female,No
629e552674997390c876d429,5dda8504e08a369d04cf19d1,APPROVED,2022-06-06 19:27:39.950000,2022-06-06 19:35:52.700000,492.75,54,191,2,98,2022-06-10 08:13:08.559000,2B73928C,United Kingdom,United Kingdom,DATA EXPIRED,English,United Kingdom,Female,No
629e552bacec932642a74fc1,59e4fc9a62637600014a7692,APPROVED,2022-06-06 19:27:39.806000,2022-06-06 19:34:34.136000,414.33,39,445,5,99,2022-06-10 08:13:08.626000,2B73928C,United Kingdom,United Kingdom,Part-Time,English,United Kingdom,Female,No
629e552d88167d099f9e253c,5bc3024aec35de0001e76e6c,APPROVED,2022-06-06 19:27:44.192000,2022-06-06 19:35:54.314000,490.122,32,616,2,100,2022-06-10 08:13:08.690000,2B73928C,United Kingdom,United Kingdom,Part-Time,English,United Kingdom,Female,No
629e552e8ba5f8967599843d,60bc8d2e63f319e7d7c984f4,APPROVED,2022-06-06 19:27:55.842000,2022-06-06 19:36:48.716000,532.874,23,2,0,100,2022-06-10 08:13:08.760000,2B73928C,United Kingdom,United Kingdom,DATA EXPIRED,English,United Kingdom,Female,No
629e552fc6043b822d9af5e3,612d17881348dd4299b7e2f9,APPROVED,2022-06-06 19:27:46.213000,2022-06-06 19:35:23.551000,457.338,27,311,1,100,2022-06-10 08:13:08.833000,2B73928C,United Kingdom,United Kingdom,Full-Time,English,United Kingdom,Female,No
629e553bdb572ad7902e84db,5f60aef33f5bac06ebf1ef48,APPROVED,2022-06-06 19:27:58.618000,2022-06-06 19:32:35.558000,276.94,24,61,0,100,2022-06-10 08:13:08.901000,2B73928C,United Kingdom,United Kingdom,Full-Time,English,United Kingdom,Female,No
629e55634d938be49aa20057,5ea166af93435d0008a8a341,APPROVED,2022-06-06 19:28:44.562000,2022-06-06 19:37:17.995000,513.433,68,803,4,99,2022-06-10 08:13:00.339000,2B73928C,United Kingdom,United Kingdom,"Not in paid work (e.g. homemaker', 'retired or disabled)",English,United Kingdom,Male,No
629e55693106bfb2733dd8f1,6277ea4be3977859e068015f,APPROVED,2022-06-06 19:28:44.368000,2022-06-06 19:35:54.498000,430.13,25,20,0,100,2022-06-10 08:13:08.970000,2B73928C,United Kingdom,United Kingdom,DATA EXPIRED,English,United Kingdom,Female,Yes
629e556dc339bfa39773b248,5f50e22bd727bc2745ded1cb,APPROVED,2022-06-06 19:28:50.575000,2022-06-06 19:34:26.621000,336.046,24,152,5,97,2022-06-10 08:13:09.037000,2B73928C,United Kingdom,United Kingdom,DATA EXPIRED,English,United Kingdom,Female,DATA EXPIRED
629e557ba44f96e0f908c449,6148cdea1d14867c5265aee1,RETURNED,2022-06-06 19:29:02.085000,,1871153.019508,24,93,1,100,,,CONSENT REVOKED,CONSENT REVOKED,CONSENT REVOKED,CONSENT REVOKED,CONSENT REVOKED,CONSENT REVOKED,CONSENT REVOKED
629e557fdb572ad7902e84e0,5ec300b3f3df631383fb27e0,APPROVED,2022-06-06 19:29:07.447000,2022-06-06 19:38:05.676000,538.229,21,137,0,100,2022-06-10 08:13:00.404000,2B73928C,United Kingdom,United Kingdom,DATA EXPIRED,English,United Kingdom,Male,DATA EXPIRED
629e55811cfc7536b6556b55,6038563a8512c22244c28e9d,APPROVED,2022-06-06 19:29:07.722000,2022-06-06 19:41:47.361000,759.639,23,94,0,100,2022-06-10 08:13:09.108000,2B73928C,United Kingdom,United Kingdom,Part-Time,English,United Kingdom,Female,No
629e5585ec025e2068c28e45,629e14d775a49be0c6871194,APPROVED,2022-06-06 19:29:35.669000,2022-06-06 19:42:04.958000,749.289,44,1,0,100,2022-06-10 08:13:00.472000,2B73928C,United Kingdom,United Kingdom,DATA EXPIRED,English,United Kingdom,Male,No
629e558adfb81afcc1fbdfcc,5c7ae9fbf1bfcf001554f54e,APPROVED,2022-06-06 19:29:19.894000,2022-06-06 19:44:32.718000,912.824,25,63,2,98,2022-06-10 08:13:09.178000,NOCODE,United Kingdom,United Kingdom,"Not in paid work (e.g. homemaker', 'retired or disabled)",English,United Kingdom,Female,No
629e558c05e574e2486e32b4,610985f22551d74713bc37ad,APPROVED,2022-06-06 19:29:20.305000,2022-06-06 19:39:13.359000,593.054,19,150,2,99,2022-06-10 08:13:09.245000,2B73928C,United Kingdom,United Kingdom,Part-Time,English,United Kingdom,Female,Yes
629e559b9bbe8fb9b8b12fa0,5f96ecc8373a81020c60b7de,APPROVED,2022-06-06 19:29:35.540000,2022-06-06 19:35:07.623000,332.083,23,107,2,99,2022-06-10 08:13:09.318000,2B73928C,United Kingdom,United Kingdom,Full-Time,English,United Kingdom,Female,No
629e55a0db0b3f75fedacea1,56d8985d4a9be1000a53e9f2,RETURNED,2022-06-06 19:29:43.337000,,1871111.861126,35,778,0,100,,,CONSENT REVOKED,CONSENT REVOKED,CONSENT REVOKED,CONSENT REVOKED,CONSENT REVOKED,CONSENT REVOKED,CONSENT REVOKED
629e55a5bc9cc452ac35e99a,60de2ae149223b99241fa464,APPROVED,2022-06-06 19:29:44.736000,2022-06-06 19:39:11.198000,566.462,31,125,2,99,2022-06-10 08:13:09.387000,2B73928C,United Kingdom,United Kingdom,Full-Time,English,United Kingdom,Female,No
629e55abf344a4a6f9cdaf4f,60ca70f0bb3fef9c094682eb,APPROVED,2022-06-06 19:29:53.459000,2022-06-06 19:41:02.141000,668.682,57,209,0,100,2022-06-10 08:13:09.453000,2B73928C,United States,United States,DATA EXPIRED,English,United States,Female,DATA EXPIRED
629e55b3b469b450c645a40c,615de319ef3307f0c127c79a,APPROVED,2022-06-06 19:29:57.023000,2022-06-06 19:37:52.086000,475.063,29,62,1,99,2022-06-10 08:13:00.545000,2B73928C,United Kingdom,United Kingdom,Full-Time,English,United Kingdom,Male,No
629e55b6928bc6472bdca783,5fcbf32f800c809ff1048505,RETURNED,2022-06-06 19:30:01.749000,,1871093.505011,30,388,1,100,,,CONSENT REVOKED,CONSENT REVOKED,CONSENT REVOKED,CONSENT REVOKED,CONSENT REVOKED,CONSENT REVOKED,CONSENT REVOKED
629e55e27da21cb3170fc1cf,5ea19088f2af2904709dc83e,APPROVED,2022-06-06 19:30:44.816000,2022-06-06 19:49:24.687000,1119.871,22,411,5,99,2022-06-10 08:13:09.526000,2B73928C,United Kingdom,United Kingdom,Part-Time,English,United Kingdom,Female,Yes
629e55eba1326352151f3eca,5f0ef99d8fa1a8012eee6380,APPROVED,2022-06-06 19:30:53.866000,2022-06-06 19:40:28.599000,574.733,27,159,0,100,2022-06-10 08:13:09.654000,2B73928C,United Kingdom,United Kingdom,Full-Time,English,United Kingdom,Female,Yes
629e55eba4302c46c579813a,6165ea0d60d532310c09befd,APPROVED,2022-06-06 19:30:55.627000,2022-06-06 19:41:32.207000,636.58,41,139,2,99,2022-06-10 08:13:09.589000,2B73928C,United Kingdom,United Kingdom,Full-Time,English,United Kingdom,Female,No
629e55f20f04c3eebd119aac,5f3d479d7c2f6309084b6cf4,APPROVED,2022-06-06 19:31:03.589000,2022-06-06 19:37:41.716000,398.127,20,98,1,100,2022-06-10 08:13:09.721000,2B73928C,United Kingdom,United Kingdom,"Not in paid work (e.g. homemaker', 'retired or disabled)",English,United Kingdom,Female,Yes
629e55f99bb2879cedc0ed00,5f91b1ed5b7a4904ff498fa3,APPROVED,2022-06-06 19:31:15.297000,2022-06-06 19:39:33.032000,497.735,41,37,0,100,2022-06-10 08:13:09.786000,2B73928C,United Kingdom,United Kingdom,Part-Time,English,United Kingdom,Female,No
629e5608db0b3f75fedacea7,5c3cb454e02c6a000100e4fe,APPROVED,2022-06-06 19:31:23.631000,2022-06-06 19:39:36.969000,493.338,27,193,1,99,2022-06-10 08:13:10.071000,2B73928C,United Kingdom,United Kingdom,Full-Time,English,United Kingdom,Female,No
629e560960ed374a0b2bf6c4,60056657125e50465c15533e,APPROVED,2022-06-06 19:31:22.980000,2022-06-06 19:41:59.489000,636.509,26,288,2,100,2022-06-10 08:13:10.143000,2B73928C,United Kingdom,United Kingdom,Full-Time,English,United Kingdom,Female,No
629e560b673c55a07896d2fe,5cb255402051100001c5d058,APPROVED,2022-06-06 19:31:26.317000,2022-06-06 19:43:36.484000,730.167,21,167,1,100,2022-06-10 08:13:10.211000,2B73928C,United Kingdom,United Kingdom,Full-Time,English,United Kingdom,Female,No
629e56124d938be49aa20062,58ee2f5ec31d4d00015aa0eb,APPROVED,2022-06-06 19:31:34.687000,2022-06-06 19:40:43.286000,548.599,52,1478,3,100,2022-06-10 08:13:00.612000,2B73928C,United Kingdom,United Kingdom,Full-Time,English,United Kingdom,Male,No
629e561b6f6cee689e63834d,5ec94f9f4907d9451096dc3d,APPROVED,2022-06-06 19:31:47.078000,2022-06-06 19:38:48.118000,421.04,52,281,3,99,2022-06-10 08:13:10.285000,2B73928C,United Kingdom,United Kingdom,Full-Time,English,United Kingdom,Female,No
629e5623f5adc12103573c32,605ba7fb97207afeb65c0d6f,APPROVED,2022-06-06 19:31:51.150000,2022-06-06 19:41:01.157000,550.007,33,289,5,97,2022-06-10 08:13:00.684000,2B73928C,United Kingdom,United Kingdom,DATA EXPIRED,English,United Kingdom,Male,No
629e56273e516a897548f270,58ff31a1d10e2b000108579e,APPROVED,2022-06-06 19:32:53.227000,2022-06-06 19:39:35.668000,402.441,54,71,0,100,2022-06-10 08:13:00.752000,2B73928C,United Kingdom,United Kingdom,"Not in paid work (e.g. homemaker', 'retired or disabled)",English,United Kingdom,Male,No
629e563383d83f79d9e3de6b,60fd064693767fcb40666fe9,APPROVED,2022-06-06 19:32:10.120000,2022-06-06 19:43:59.849000,709.729,22,189,1,100,2022-06-10 08:13:10.355000,2B73928C,Somalia,United Kingdom,Unemployed (and job seeking),English,United Kingdom,Female,Yes
629e563938d7a302a780f3a8,5c5086c6ea5abd0001ec6ec7,APPROVED,2022-06-06 19:32:12.189000,2022-06-06 19:37:22.061000,309.872,31,290,2,100,2022-06-10 08:13:10.423000,2B73928C,United Kingdom,United Kingdom,DATA EXPIRED,English,United Kingdom,Female,DATA EXPIRED
629e56410b42b5e19df2c927,59ce4b5519d3170001b1d4cb,APPROVED,2022-06-06 19:32:20.842000,2022-06-06 19:40:52.539000,511.697,42,96,0,100,2022-06-10 08:13:10.492000,2B73928C,United Kingdom,United Kingdom,"Not in paid work (e.g. homemaker', 'retired or disabled)",English,United Kingdom,Female,No
629e56416e85f45292375b5a,5b1fe111e8f5be00017c683c,APPROVED,2022-06-06 19:32:22.253000,2022-06-06 19:40:06.945000,464.692,30,656,1,100,2022-06-10 08:13:10.562000,2B73928C,United States,United Kingdom,Full-Time,English,United Kingdom,Female,No
629e56478f1182189bfd5dd3,5f15aa87d2423e68677e7e5a,APPROVED,2022-06-06 19:32:27.118000,2022-06-06 19:39:27.357000,420.239,25,199,1,100,2022-06-10 08:13:10.628000,2B73928C,United Kingdom,United Kingdom,Full-Time,English,United Kingdom,Female,No
629e564b1f4220e6ba088cbe,6235e7ddfab5533441aefd40,APPROVED,2022-06-06 19:32:29.633000,2022-06-06 19:41:04.951000,515.318,20,20,0,100,2022-06-10 08:13:10.706000,2B73928C,United States,United States,DATA EXPIRED,English,India,Female,Yes
629e5661f5f506c941c0536d,5b6ae3a2f676120001ec42f8,APPROVED,2022-06-06 19:33:03.946000,2022-06-06 19:46:55.218000,831.272,34,163,0,100,2022-06-10 08:13:10.773000,2B73928C,United Kingdom,United Kingdom,DATA EXPIRED,English,United Kingdom,Female,No
629e56621f4220e6ba088cc0,605900798c7f5f73df2e89fa,APPROVED,2022-06-06 19:32:50.561000,2022-06-06 19:44:20.376000,689.815,25,324,3,100,2022-06-10 08:13:10.842000,2B73928C,Belarus,United Kingdom,Part-Time,English,Lithuania,Female,Yes
629e5665938b1c6e1b648e00,615ee832ac825809b171bb9a,TIMED-OUT,2022-06-06 19:32:59.894000,,1870916.11871,32,16,0,100,,,United Kingdom,United Kingdom,Full-Time,English,United Kingdom,Female,No
629e566ff4fa9d8b7f7662b6,581ba6684182b600017306fa,APPROVED,2022-06-06 19:33:03.788000,2022-06-06 19:38:59.214000,355.426,42,939,6,100,2022-06-10 08:13:10.923000,2B73928C,United Kingdom,United Kingdom,Full-Time,English,United Kingdom,Female,No
629e5676c339bfa39773b254,5ef8f38338b9f06826ee1fa3,APPROVED,2022-06-06 19:33:13.064000,2022-06-06 19:43:21.313000,608.249,28,391,0,100,2022-06-10 08:13:10.998000,2B73928C,United Kingdom,United Kingdom,DATA EXPIRED,English,United Kingdom,Female,DATA EXPIRED
629e567d2c47a7edcfe38de0,5a775b638fe2dc00010579b2,APPROVED,2022-06-06 19:33:20.524000,2022-06-06 19:41:04.925000,464.401,44,914,15,97,2022-06-10 08:13:00.818000,2B73928C,United Kingdom,United Kingdom,Full-Time,English,United Kingdom,Male,No
629e5684edf1874fb9c930d0,62970ccd3e15037660ec7c20,APPROVED,2022-06-06 19:34:21.326000,2022-06-06 19:51:02.977000,1001.651,24,24,0,100,2022-06-10 08:13:11.072000,2B73928C,United Kingdom,United Kingdom,Full-Time,English,United Kingdom,Female,No
629e5685e1a53d4989aa9049,5de42daa610fba420179b279,APPROVED,2022-06-06 19:33:31.542000,2022-06-06 19:45:10.584000,699.042,34,235,0,100,2022-06-10 08:13:11.154000,2B73928C,United Kingdom,United Kingdom,DATA EXPIRED,English,United Kingdom,Female,DATA EXPIRED
629e5685f5adc12103573c3f,59e9d2c6c0d35a0001295448,APPROVED,2022-06-06 19:33:30.158000,2022-06-06 19:40:42.463000,432.305,39,1097,9,99,2022-06-10 08:13:11.242000,2B73928C,United Kingdom,United Kingdom,Full-Time,English,United Kingdom,Female,Yes
629e5690895e2d5499b9dfab,601dc35630812d1cf694a9ba,APPROVED,2022-06-06 19:33:38.636000,2022-06-06 19:44:40.272000,661.636,33,222,2,100,2022-06-10 08:13:11.311000,2B73928C,United Kingdom,United Kingdom,Part-Time,English,United Kingdom,Female,No
629e5690acec932642a74fd9,60d32b4e6efe3d4dcec0e2a6,APPROVED,2022-06-06 19:33:41.958000,2022-06-06 19:42:45.408000,543.45,22,21,0,100,2022-06-10 08:13:11.385000,2B73928C,United Kingdom,United Kingdom,Other,English,United Kingdom,Female,Yes
629e569205f71605953d131e,60f5e24e52f7de216bed00f1,APPROVED,2022-06-06 19:34:02.480000,2022-06-06 19:45:38.383000,695.903,20,40,0,100,2022-06-10 08:13:11.456000,2B73928C,Poland,United Kingdom,Unemployed (and job seeking),English,Poland,Female,Yes
629e569a5f2a774428324374,5db74e2ec40ed8000ca2e5d0,APPROVED,2022-06-06 19:33:49.674000,2022-06-06 19:41:07.837000,438.163,39,291,0,100,2022-06-10 08:13:11.525000,2B73928C,United Kingdom,United Kingdom,Full-Time,English,United Kingdom,Female,No
629e56a060cd8ff1ffe6c861,55a14418fdf99b6ec83c244f,APPROVED,2022-06-06 19:33:57.017000,2022-06-06 19:42:28.833000,511.816,40,478,4,100,2022-06-10 08:13:11.600000,2B73928C,United Kingdom,United Kingdom,Part-Time,English,United Kingdom,Female,No
629e56a4e07d63ea3bace94a,6005f9ba9a21c96134362ff1,APPROVED,2022-06-06 19:34:00.064000,2022-06-06 19:46:42.166000,762.102,56,173,0,100,2022-06-10 08:13:11.668000,2B73928C,United Kingdom,United Kingdom,Part-Time,English,United Kingdom,Female,No
629e56a75673d40346dd55d5,5eb2cca5752e7b068208c644,RETURNED,2022-06-06 19:44:00.065000,,1870256.165678,34,47,0,100,,,CONSENT REVOKED,CONSENT REVOKED,CONSENT REVOKED,CONSENT REVOKED,CONSENT REVOKED,CONSENT REVOKED,CONSENT REVOKED
629e56b4384970d9dd0f8b53,5c4b8d1b0eccd3000186e33a,APPROVED,2022-06-06 19:34:15.646000,2022-06-06 19:47:24.658000,789.012,33,99,1,100,2022-06-10 08:13:11.759000,2B73928C,United Kingdom,United Kingdom,DATA EXPIRED,English,United Kingdom,Female,DATA EXPIRED
629e56bf05f71605953d131f,5e692c0007df761d81042cfe,APPROVED,2022-06-06 19:34:30.399000,2022-06-06 19:44:07.939000,577.54,27,438,6,98,2022-06-10 08:13:11.834000,2B73928C,United Kingdom,United Kingdom,Full-Time,English,United Kingdom,Female,Yes
629e56c6fc264ee3b3e9f8fd,616ea9e3ea36655b1d80e01f,APPROVED,2022-06-06 19:34:32.642000,2022-06-06 19:46:15.257000,702.615,27,239,1,100,2022-06-10 08:13:11.924000,2B73928C,United Kingdom,United Kingdom,Part-Time,English,United Kingdom,Female,No
629e56cb750e911ba4202678,59ff85cb7542890001aa60f1,APPROVED,2022-06-06 19:34:45.638000,2022-06-06 19:44:45.955000,600.317,21,1266,3,100,2022-06-10 08:13:11.997000,2B73928C,United States,United States,Unemployed (and job seeking),English,United States,Female,No
629e56d3846d89de9f592b8f,5c8ce2f39d2bff0001b3fcea,APPROVED,2022-06-06 19:34:58.135000,2022-06-06 19:48:40.407000,822.272,63,743,4,100,2022-06-10 08:13:12.069000,2B73928C,United Kingdom,United Kingdom,"Not in paid work (e.g. homemaker', 'retired or disabled)",English,United Kingdom,Female,No
629e56d4980bf39bae26a9ed,59a52c18514a2200017e6b2e,APPROVED,2022-06-06 19:34:51.266000,2022-06-06 19:43:03.727000,492.461,47,1368,14,98,2022-06-10 08:13:00.884000,2B73928C,United Kingdom,United Kingdom,DATA EXPIRED,English,United Kingdom,Male,No
629e56d4e4f762b2bf64dc65,5cc58b603b1b1c0001f9db5f,APPROVED,2022-06-06 19:34:48.421000,2022-06-06 19:43:46.017000,537.596,52,677,8,98,2022-06-10 08:13:12.145000,2B73928C,United Kingdom,United Kingdom,DATA EXPIRED,English,United Kingdom,Female,DATA EXPIRED
629e56d970d3ca5bc573810b,5ce5b9844cd8130019acba32,APPROVED,2022-06-06 19:34:49.770000,2022-06-06 19:39:31.957000,282.187,43,299,6,98,2022-06-10 08:13:12.215000,2B73928C,United Kingdom,United Kingdom,Full-Time,English,United Kingdom,Female,No
629e56dbb0924283887e6f45,5f0477b44a7abf086ad33018,APPROVED,2022-06-06 19:34:53.337000,2022-06-06 19:42:37.339000,464.002,22,57,0,100,2022-06-10 08:13:00.949000,2B73928C,Japan,United Kingdom,Full-Time,English,Ireland,Male,No
629e56dcbd198a0ba3a3ae1a,6102fcea8a324eaf83f7fa8c,APPROVED,2022-06-06 19:35:09.349000,2022-06-06 19:43:25.201000,495.852,32,95,1,99,2022-06-10 08:13:12.290000,2B73928C,United Kingdom,United Kingdom,Full-Time,English,United Kingdom,Female,No
629e56f55b6aca2295085b9f,5e692bf79a4aa805fab79127,APPROVED,2022-06-06 19:35:20.230000,2022-06-06 19:45:00.207000,579.977,29,228,0,100,2022-06-10 08:13:01.015000,2B73928C,United Kingdom,United Kingdom,Full-Time,English,United Kingdom,Male,No
629e56fa43cc854324b16787,606e36e2002550b48214893e,APPROVED,2022-06-06 19:35:25.070000,2022-06-06 19:41:33.689000,368.619,37,219,0,100,2022-06-10 08:13:12.364000,2B73928C,United Kingdom,United Kingdom,DATA EXPIRED,English,United Kingdom,Female,DATA EXPIRED
629e56ffebfde727514b2b6a,5ff0786a0538dbf4e31895ec,APPROVED,2022-06-06 19:35:30.222000,2022-06-06 19:45:11.999000,581.777,32,274,3,98,2022-06-10 08:13:12.434000,2B73928C,United Kingdom,United Kingdom,Full-Time,English,United Kingdom,Female,No
629e5701f676763374a6ed67,610ce644c22d6b8fbd231465,APPROVED,2022-06-06 19:35:32.429000,2022-06-06 19:42:53.242000,440.813,38,538,2,100,2022-06-10 08:13:01.080000,2B73928C,United Kingdom,United Kingdom,Full-Time,English,United Kingdom,Male,No
629e5702b1e364f70ee22745,61021de77ce595ea8d427046,APPROVED,2022-06-06 19:35:33.213000,2022-06-06 19:49:18.696000,825.483,20,25,0,100,2022-06-10 08:13:12.507000,2B73928C,United States,United States,DATA EXPIRED,English,United States,Female,Yes
629e57076e85f45292375b62,5d5e6900012a5c001944fb0c,APPROVED,2022-06-06 19:35:38.556000,2022-06-06 19:58:07.200000,1348.644,24,959,1,100,2022-06-10 08:13:12.577000,2B73928C,United Kingdom,United Kingdom,Part-Time,English,United Kingdom,Female,No
629e570a696d6b5775663589,5fde36d50a5e7f57ba491e20,APPROVED,2022-06-06 19:35:43.972000,2022-06-06 19:42:54.683000,430.711,39,391,6,98,2022-06-10 08:13:12.650000,2B73928C,United Kingdom,United Kingdom,"Not in paid work (e.g. homemaker', 'retired or disabled)",English,United Kingdom,Female,No
629e570b0d84adb35cb81008,5cbcadbe0b073500018c5f73,APPROVED,2022-06-06 19:35:44.875000,2022-06-06 19:45:01.369000,556.494,61,709,4,100,2022-06-10 08:13:01.148000,2B73928C,United Kingdom,United Kingdom,Full-Time,English,United Kingdom,Male,No
629e5715f6069829bd3f9f90,5f72455d34cc7316f44a9c09,APPROVED,2022-06-06 19:35:54.863000,2022-06-06 19:43:38.319000,463.456,29,120,3,96,2022-06-10 08:13:12.721000,2B73928C,United Kingdom,United Kingdom,Full-Time,English,United Kingdom,Female,No
629e571669302c1c8077c568,5ddc3d821096eab9b719ca02,APPROVED,2022-06-06 19:35:57.301000,2022-06-06 20:12:45.892000,2208.591,26,393,1,100,2022-06-10 08:13:01.216000,2B73928C,United Kingdom,United Kingdom,DATA EXPIRED,English,United Kingdom,Male,No
629e571c805900765b194d65,587d4ed4e4404c0001c9d1b9,APPROVED,2022-06-06 19:35:56.249000,2022-06-06 19:47:18.298000,682.049,40,541,1,100,2022-06-10 08:13:01.288000,2B73928C,United Kingdom,United Kingdom,Full-Time,English,United Kingdom,Male,No
629e573657700fb6f8491a85,5ce9a0df0f264b0017198742,APPROVED,2022-06-06 19:36:22.473000,2022-06-06 19:45:43.170000,560.697,30,747,4,100,2022-06-10 08:13:12.803000,2B73928C,United Kingdom,United Kingdom,Full-Time,English,United Kingdom,Female,No
629e5739121107844829bfef,61539098822998ea68236902,APPROVED,2022-06-06 19:36:28.756000,2022-06-06 19:46:10.734000,581.978,24,82,0,100,2022-06-10 08:13:12.871000,2B73928C,United Kingdom,United Kingdom,Full-Time,English,United Kingdom,Female,No
629e573bc4aaddaa8667ece3,5b7453a708a01e0001fcece3,RETURNED,2022-06-06 19:36:30.021000,,1870706.537047,38,808,4,100,,,CONSENT REVOKED,CONSENT REVOKED,CONSENT REVOKED,CONSENT REVOKED,CONSENT REVOKED,CONSENT REVOKED,CONSENT REVOKED
629e5740e5e745800f72907d,60880d750f3dead09c7acfac,APPROVED,2022-06-06 19:36:34.800000,2022-06-06 19:42:48.813000,374.013,22,202,1,100,2022-06-10 08:13:12.952000,2B73928C,United Kingdom,United Kingdom,Unemployed (and job seeking),English,United Kingdom,Female,No
629e574ca04877cf67a79b4f,55a0ff77fdf99b3f453c5e6c,APPROVED,2022-06-06 19:36:47.607000,2022-06-06 19:43:01.737000,374.13,50,621,1,100,2022-06-10 08:13:13.031000,2B73928C,United Kingdom,United Kingdom,DATA EXPIRED,English,United Kingdom,Female,DATA EXPIRED
629e5752fb7dc3a39f1bfa24,5fa315662ca5b25d05ae8236,APPROVED,2022-06-06 19:36:53.559000,2022-06-06 19:41:21.641000,268.082,50,598,4,98,2022-06-10 08:13:13.108000,2B73928C,United States,United States,DATA EXPIRED,English,United States,Female,DATA EXPIRED
629e5753caf56c3ee32110d4,614c708c2f0a4c5a70229d3f,APPROVED,2022-06-06 19:36:56.106000,2022-06-06 19:50:55.849000,839.743,44,187,0,100,2022-06-10 08:13:13.199000,2B73928C,United Kingdom,United Kingdom,DATA EXPIRED,English,United Kingdom,Female,DATA EXPIRED
629e5757b5884c0f64ad75bd,5d9261e776e8dd00195f28f2,APPROVED,2022-06-06 19:36:59.514000,2022-06-06 19:45:59.093000,539.579,35,809,4,100,2022-06-10 08:13:13.290000,2B73928C,United Kingdom,United Kingdom,DATA EXPIRED,English,United Kingdom,Female,No
629e575f29612e62b9d578d1,5c71b88ae559500001d1fcf2,APPROVED,2022-06-06 19:37:08.069000,2022-06-06 19:49:34.214000,746.145,49,686,1,100,2022-06-10 08:13:13.358000,2B73928C,United Kingdom,United Kingdom,DATA EXPIRED,English,United Kingdom,Female,No
629e57610d84adb35cb8100f,597a2474d4e83700016c290f,APPROVED,2022-06-06 19:37:08.876000,2022-06-06 19:45:56.053000,527.177,32,408,2,100,2022-06-10 08:13:13.507000,2B73928C,Portugal,United Kingdom,Part-Time,English,Portugal,Female,No
629e57615b312157ad160161,5df16d597adf4b08a7e779f1,APPROVED,2022-06-06 19:38:41.559000,2022-06-06 19:45:52.664000,431.105,39,548,2,100,2022-06-10 08:13:13.432000,2B73928C,United Kingdom,United Kingdom,Part-Time,English,United Kingdom,Female,No
629e576319550aa5891ea831,5a4c063dac413f0001e607ec,APPROVED,2022-06-06 19:37:11.557000,2022-06-06 19:46:17.959000,546.402,35,303,2,100,2022-06-10 08:13:13.574000,2B73928C,United Kingdom,United Kingdom,DATA EXPIRED,English,United Kingdom,Female,DATA EXPIRED
629e5764846d89de9f592b9c,5adb3e135f327e0001fb329c,APPROVED,2022-06-06 19:37:08.422000,2022-06-06 19:43:09.766000,361.344,36,1043,3,100,2022-06-10 08:13:13.651000,2B73928C,United Kingdom,United Kingdom,"Not in paid work (e.g. homemaker', 'retired or disabled)",English,United Kingdom,Female,No
629e576a7f2f5facf670d5ff,5f72275d0e4774118b06068a,APPROVED,2022-06-06 19:37:16.994000,2022-06-06 19:44:38.237000,441.243,31,432,3,99,2022-06-10 08:13:13.722000,2B73928C,United Kingdom,United Kingdom,Full-Time,English,United Kingdom,Female,No
629e5772a74da593adad0bde,5f78eb1e3074f64de5e59754,APPROVED,2022-06-06 19:37:26.483000,2022-06-06 19:49:28.740000,722.257,27,546,6,98,2022-06-10 08:13:13.791000,2B73928C,United Kingdom,United Kingdom,Full-Time,English,United Kingdom,Female,No
629e57775fd6d2057f9e1074,5c634094e30ff200016baccb,APPROVED,2022-06-06 19:39:56.574000,2022-06-06 19:46:34.537000,397.963,21,1418,2,100,2022-06-10 08:13:01.366000,2B73928C,United States,United States,DATA EXPIRED,English,United States,Male,DATA EXPIRED
629e5778579aa28478e27867,5ec43483eb1e2b2f4df14ce0,APPROVED,2022-06-06 19:37:31.469000,2022-06-06 19:43:30.515000,359.046,23,182,3,99,2022-06-10 08:13:01.435000,2B73928C,United Kingdom,United Kingdom,Other,English,United Kingdom,Male,Yes
629e577e491eb68f7591fba4,62968452bb67cce9bf3a2ba7,APPROVED,2022-06-06 19:37:36.724000,2022-06-06 19:44:26.770000,410.046,20,9,0,100,2022-06-10 08:13:13.867000,2B73928C,DATA EXPIRED,United States,DATA EXPIRED,English,United States,Female,DATA EXPIRED
629e577f750e911ba4202682,614732fcd77190f6cf7c1891,TIMED-OUT,2022-06-06 19:37:38.828000,,1870638.127707,31,274,3,99,,,United Kingdom,United Kingdom,Full-Time,English,United Kingdom,Female,No
629e5780740f2276f95e8b75,5974a8a1cda9660001ee18af,APPROVED,2022-06-06 19:37:39.831000,2022-06-06 19:47:01.038000,561.207,58,612,14,96,2022-06-10 08:13:13.941000,2B73928C,United Kingdom,United Kingdom,Part-Time,English,United Kingdom,Female,No
629e57842e2f0e70080e8c6f,60df1e4c7cca77afcbb9ca9d,APPROVED,2022-06-06 19:37:43.191000,2022-06-06 19:41:47.204000,244.013,20,273,0,100,2022-06-10 08:13:14.013000,2B73928C,United Kingdom,United Kingdom,DATA EXPIRED,English,United Kingdom,Female,Yes
629e579175628d7b1f3de2b3,60de32135a8742181bcaf7fa,APPROVED,2022-06-06 19:38:02.171000,2022-06-06 19:48:09.108000,606.937,34,116,1,99,2022-06-10 08:13:14.084000,2B73928C,United Kingdom,United Kingdom,Full-Time,English,United Kingdom,Female,No
629e57a8b5884c0f64ad75c2,6278d1758a5f6d5af02d863c,APPROVED,2022-06-06 19:38:19.654000,2022-06-06 19:53:11.257000,891.603,52,70,1,100,2022-06-10 08:13:01.506000,2B73928C,United Kingdom,United Kingdom,"Not in paid work (e.g. homemaker', 'retired or disabled)",English,United Kingdom,Male,No
629e57a92a740f4798237b80,5d59a10aa17f570017307126,APPROVED,2022-06-06 19:38:21.791000,2022-06-06 19:50:33.126000,731.335,59,1123,3,100,2022-06-10 08:13:01.571000,2B73928C,United Kingdom,United Kingdom,Full-Time,English,United Kingdom,Male,No
629e57f270d3ca5bc5738123,59d585d3d1ab390001da2f35,APPROVED,2022-06-06 19:39:34.587000,2022-06-06 20:12:47.785000,1993.198,42,611,0,100,2022-06-10 08:13:01.641000,2B73928C,United Kingdom,United Kingdom,Full-Time,English,United Kingdom,Male,No
629e57f6f6069829bd3f9fa0,60eb14724415442253f984d5,APPROVED,2022-06-06 19:39:41.382000,2022-06-06 19:53:41.571000,840.189,32,116,2,99,2022-06-10 08:13:01.709000,2B73928C,India,United Kingdom,Full-Time,English,Portugal,Male,No
629e57fb4c62b79df5c9c325,6032665c2e34a2226b79a3e1,APPROVED,2022-06-06 19:39:41.919000,2022-06-06 19:50:09.952000,628.033,29,406,4,99,2022-06-10 08:13:01.780000,2B73928C,United Kingdom,United Kingdom,Full-Time,English,United Kingdom,Male,No
629e58053e516a897548f28c,629e289281cb06124d8732ef,APPROVED,2022-06-06 19:39:52.273000,2022-06-06 19:46:47.025000,414.752,27,6,0,100,2022-06-10 08:13:01.852000,2B73928C,United Kingdom,United Kingdom,Full-Time,English,United Kingdom,Male,No
629e580ff354d2bed123be22,59d42f4c6cc82800013e31e0,APPROVED,2022-06-06 19:39:59.060000,2022-06-06 19:50:16.042000,616.982,40,348,1,100,2022-06-10 08:13:01.919000,2B73928C,United Kingdom,United Kingdom,Full-Time,English,United Kingdom,Male,No
629e581250b7c3e3b81dc2a8,608df7e7f5aba26e1231a0b0,RETURNED,2022-06-06 19:40:57.447000,,1870439.648391,34,537,10,96,,,CONSENT REVOKED,CONSENT REVOKED,CONSENT REVOKED,CONSENT REVOKED,CONSENT REVOKED,CONSENT REVOKED,CONSENT REVOKED
629e58145f2a77442832438e,629e21a90d94715dbc32e544,APPROVED,2022-06-06 19:40:07.169000,2022-06-06 19:48:56.881000,529.712,34,36,0,100,2022-06-10 08:13:01.992000,2B73928C,United Kingdom,United Kingdom,Full-Time,English,United Kingdom,Male,No
629e582dd0b85344a8dbb3cf,6110f4896dea29a375c227a8,APPROVED,2022-06-06 19:40:31.663000,2022-06-06 19:51:10.491000,638.828,24,383,5,99,2022-06-10 08:13:02.061000,2B73928C,United Kingdom,United Kingdom,Part-Time,English,United Kingdom,Male,Yes
629e58367f0f8e69ee2320ed,62989c2be6fa51c2ed5fc810,APPROVED,2022-06-06 19:40:45.135000,2022-06-06 19:49:08.582000,503.447,20,23,0,100,2022-06-10 08:13:02.130000,2B73928C,United Kingdom,United Kingdom,Full-Time,English,United Kingdom,Male,No
629e583a18fa010f0c1bfda8,60bceb1dcefc0afe67041489,APPROVED,2022-06-06 19:40:44.899000,2022-06-06 19:50:33.126000,588.227,47,420,4,100,2022-06-10 08:13:02.199000,2B73928C,United Kingdom,United Kingdom,Full-Time,English,United Kingdom,Male,No
629e584d7973e4b6749a9529,628bab7a563952ff38d84627,RETURNED,2022-06-06 19:41:15.342000,,1870421.866121,28,126,1,100,,,CONSENT REVOKED,CONSENT REVOKED,CONSENT REVOKED,CONSENT REVOKED,CONSENT REVOKED,CONSENT REVOKED,CONSENT REVOKED
629e5863095a8fd548f0cc34,5fc0debd17efee0009267e28,APPROVED,2022-06-06 19:41:31.092000,2022-06-06 20:18:36.452000,2225.36,25,102,0,100,2022-06-10 08:13:02.270000,2B73928C,United Kingdom,United Kingdom,Full-Time,English,United Kingdom,Male,No
629e58644def878beae550d1,5d4063525f6f2f00017a1e1c,APPROVED,2022-06-06 19:41:27.612000,2022-06-06 19:47:50.389000,382.777,26,312,3,99,2022-06-10 08:13:02.336000,2B73928C,United Kingdom,United Kingdom,Full-Time,English,United Kingdom,Male,No
629e5873a13d147b1c024835,5ee0cfe5bbc0bb06a58e9984,APPROVED,2022-06-06 19:41:41.824000,2022-06-06 19:52:18.366000,636.542,25,95,0,100,2022-06-10 08:13:02.405000,2B73928C,United Kingdom,United Kingdom,DATA EXPIRED,English,United Kingdom,Male,DATA EXPIRED
629e587e8832639770d5661c,60f832ac0133d68486296b45,APPROVED,2022-06-06 19:46:37.186000,2022-06-06 19:52:15.350000,338.164,19,73,0,100,2022-06-10 08:13:02.472000,2B73928C,United Kingdom,United Kingdom,"Not in paid work (e.g. homemaker', 'retired or disabled)",English,United Kingdom,Male,Yes
629e589f13acd73ee190a79c,603f50441f94c106616c05a1,APPROVED,2022-06-06 19:42:41.691000,2022-06-06 19:58:56.899000,975.208,19,89,0,100,2022-06-10 08:13:02.540000,2B73928C,United Kingdom,United Kingdom,Part-Time,English,United Kingdom,Male,Yes
629e58a88cb9453dc2bc8b5f,5f14b5f8246f2e0ba865df68,APPROVED,2022-06-06 19:42:36.305000,2022-06-06 19:53:12.945000,636.64,51,60,1,100,2022-06-10 08:13:02.608000,2B73928C,United Kingdom,United Kingdom,Full-Time,English,United Kingdom,Male,No
629e58e61a7baf586a5f9a99,5ac22f45436f550001ffbad2,APPROVED,2022-06-06 19:43:38.019000,2022-06-06 19:52:51.259000,553.24,64,1038,15,96,2022-06-10 08:13:02.670000,2B73928C,United Kingdom,United Kingdom,Full-Time,English,United Kingdom,Male,No
629e58f1a4302c46c5798160,5ee830457c86c60009ef0209,APPROVED,2022-06-06 19:43:47.879000,2022-06-06 19:55:59.634000,731.755,33,187,1,100,2022-06-10 08:13:02.738000,2B73928C,United Kingdom,United Kingdom,Full-Time,English,United Kingdom,Male,No
629e58f24e6814cc53d3c773,6285095a1c4381eb1cebcf44,APPROVED,2022-06-06 19:43:49.303000,2022-06-06 19:56:45.325000,776.022,25,51,0,100,2022-06-10 08:13:02.804000,2B73928C,United Kingdom,United Kingdom,Full-Time,English,United Kingdom,Male,No
629e58fb0054b06305619941,6022ad31accb29025f079d1c,APPROVED,2022-06-06 19:43:59.229000,2022-06-06 19:52:53.162000,533.933,32,267,5,98,2022-06-10 08:13:02.871000,2B73928C,United Kingdom,United Kingdom,Full-Time,English,United Kingdom,Male,No
629e58fe19b211f067eab738,6093e97c7eebc2de541eb6b5,APPROVED,2022-06-06 19:44:00.870000,2022-06-06 19:52:46.874000,526.004,52,388,1,100,2022-06-10 08:13:02.935000,2B73928C,United Kingdom,United Kingdom,Full-Time,English,United Kingdom,Male,No
629e590830807c993f2af1c8,607713f930627fc4d4e42906,APPROVED,2022-06-06 19:44:10.779000,2022-06-06 19:51:16.323000,425.544,29,448,1,100,2022-06-10 08:13:03.006000,2B73928C,United Kingdom,United Kingdom,Other,English,United Kingdom,Male,No
629e590921f4f46af9bffab9,60df92f5ef2d8225274ff473,TIMED-OUT,2022-06-06 19:44:11.615000,,1870245.760537,22,114,0,100,,,United Kingdom,United Kingdom,Unemployed (and job seeking),English,United Kingdom,Female,No
629e590d1e97e306a0b1e5c1,57e825b9a4e40600014ea590,APPROVED,2022-06-06 19:44:13.350000,2022-06-06 19:53:38.128000,564.778,56,865,13,97,2022-06-10 08:13:03.074000,2B73928C,United Kingdom,United Kingdom,"Not in paid work (e.g. homemaker', 'retired or disabled)",English,United Kingdom,Male,No
629e590efa9a1ca9b0a1bc2f,5ff8ad350d084e10f500e48a,APPROVED,2022-06-06 19:44:17.767000,2022-06-06 19:50:18.656000,360.889,20,535,1,100,2022-06-10 08:13:03.145000,2B73928C,United States,United States,Other,English,United States,Male,Yes
629e5913942af4585067773b,6140c40030cbb40276926fef,APPROVED,2022-06-06 19:44:21.790000,2022-06-06 19:55:39.592000,677.802,38,375,2,100,2022-06-10 08:13:03.226000,2B73928C,United Kingdom,United Kingdom,Full-Time,English,United Kingdom,Male,No
629e59279bbcf0ed869f6cdb,6176853e6a72b82080d7703b,APPROVED,2022-06-06 19:44:44.409000,2022-06-06 19:54:47.053000,602.644,62,296,0,100,2022-06-10 08:13:03.295000,2B73928C,United Kingdom,United Kingdom,Part-Time,English,United Kingdom,Male,No
629e5928ba210154d8b56fad,5bccf3ad1662020001fe7bbe,APPROVED,2022-06-06 19:44:45.535000,2022-06-06 19:51:22.115000,396.58,37,644,0,100,2022-06-10 08:13:03.363000,2B73928C,United Kingdom,United Kingdom,DATA EXPIRED,English,United Kingdom,Male,DATA EXPIRED
629e5928ba210154d8b56fae,629e26edbc88f428f7ffe0e6,APPROVED,2022-06-06 19:44:45.048000,2022-06-06 19:56:39.091000,714.043,30,42,0,100,2022-06-10 08:13:03.433000,2B73928C,United Kingdom,United Kingdom,Full-Time,English,United Kingdom,Male,No
629e59330e40c841fc8d242d,5ded58a8217786000b2b2511,APPROVED,2022-06-06 19:45:49.794000,2022-06-06 20:00:27.139000,877.345,66,695,4,99,2022-06-10 08:13:03.500000,2B73928C,United Kingdom,United Kingdom,"Not in paid work (e.g. homemaker', 'retired or disabled)",English,United Kingdom,Male,No
629e5939bacaaf425abc51ea,5e06f83573d7240911990fc9,RETURNED,2022-06-06 19:45:01.214000,,1870196.274964,26,620,0,100,,,CONSENT REVOKED,CONSENT REVOKED,CONSENT REVOKED,CONSENT REVOKED,CONSENT REVOKED,CONSENT REVOKED,CONSENT REVOKED
629e5944ad03c9f9c846125c,61432781817c1541f59bbf33,APPROVED,2022-06-06 19:45:10.472000,2022-06-06 19:49:28.856000,258.384,18,363,0,100,2022-06-10 08:13:03.573000,2B73928C,United Kingdom,United Kingdom,Part-Time,English,United Kingdom,Male,Yes
629e59475631406776c6ee79,5d096a5687e03b000176305c,RETURNED,2022-06-06 19:45:11.449000,,1870186.066804,59,1060,3,100,,,CONSENT REVOKED,CONSENT REVOKED,CONSENT REVOKED,CONSENT REVOKED,CONSENT REVOKED,CONSENT REVOKED,CONSENT REVOKED
629e5956de758d9552c13282,5eaeb7b38955ea0009bd605d,APPROVED,2022-06-06 19:45:26.583000,2022-06-06 19:51:35.056000,368.473,46,451,8,96,2022-06-10 08:13:03.642000,2B73928C,United Kingdom,United Kingdom,Full-Time,English,United Kingdom,Male,No
629e595d7e616d03a8696afa,5bc63a7e186a6500016a127d,APPROVED,2022-06-06 19:45:37.440000,2022-06-06 19:50:50.835000,313.395,34,876,2,100,2022-06-10 08:13:03.706000,2B73928C,United Kingdom,United Kingdom,DATA EXPIRED,English,United Kingdom,Male,DATA EXPIRED
629e597531d211d08c5f3d7d,5aeb839a9457e00001052753,APPROVED,2022-06-06 19:46:00.674000,2022-06-06 19:53:15.669000,434.995,34,721,2,100,2022-06-10 08:13:03.767000,2B73928C,Ireland,United Kingdom,Full-Time,English,Ireland,Male,No
629e599f4d6d942bc1f85885,5ff64724d3fcc41cd1eeca8d,APPROVED,2022-06-06 19:46:43.561000,2022-06-06 20:08:37.384000,1313.823,37,146,1,99,2022-06-10 08:13:03.860000,2B73928C,United Kingdom,United Kingdom,DATA EXPIRED,English,United Kingdom,Male,No
629e59b4c0b1612043cc14f4,5af578683aba4900015ec37a,APPROVED,2022-06-06 19:47:03.417000,2022-06-06 20:00:04.106000,780.689,61,1221,6,100,2022-06-10 08:13:03.928000,2B73928C,Portugal,United Kingdom,Full-Time,English,United Kingdom,Male,No
629e59ba0d28d75a7c27a2dd,62975219c429dbffe036c625,APPROVED,2022-06-06 19:47:10.285000,2022-06-06 19:57:19.258000,608.973,39,49,0,100,2022-06-10 08:13:03.995000,2B73928C,United Kingdom,United Kingdom,Full-Time,English,United Kingdom,Male,No
629e59bceb2007bb0dabc251,56f84c071b99b8000c365751,TIMED-OUT,2022-06-06 19:47:11.222000,,1870066.38203,53,308,2,100,,,United Kingdom,United Kingdom,DATA EXPIRED,English,United Kingdom,Male,No
629e59bfec7620aaa2e002aa,611ceae6cc4047f40f350c53,APPROVED,2022-06-06 19:47:14.865000,2022-06-06 19:51:44.254000,269.389,34,500,3,100,2022-06-10 08:13:04.067000,2B73928C,United Kingdom,United Kingdom,DATA EXPIRED,English,United Kingdom,Male,DATA EXPIRED
629e59c1797875a2b5a1cb38,6072de5b2bfe59024374f08b,APPROVED,2022-06-06 19:47:15.666000,2022-06-06 19:53:34.039000,378.373,38,549,5,99,2022-06-10 08:13:04.148000,2B73928C,United Kingdom,United Kingdom,Full-Time,English,United Kingdom,Male,No
629e59d0d32f435eabfb6765,5cae5f9c48514600183d8fac,APPROVED,2022-06-06 19:47:33.085000,2022-06-06 20:06:23.547000,1130.462,40,423,1,100,2022-06-10 08:13:04.216000,2B73928C,United Kingdom,United Kingdom,DATA EXPIRED,English,United Kingdom,Male,No
629e59e32401fa50bb0c1684,5bd1ebd75c90120001d0f088,APPROVED,2022-06-06 19:47:50.935000,2022-06-06 19:59:46.642000,715.707,46,1107,3,100,2022-06-10 08:13:04.288000,2B73928C,United Kingdom,United Kingdom,Full-Time,English,United Kingdom,Male,No
629e59f71fa63aa29f6ccd96,5f6c9d2ec9a73b06b88f19c2,APPROVED,2022-06-06 19:48:09.893000,2022-06-06 19:55:12.816000,422.923,44,524,8,98,2022-06-10 08:13:04.358000,2B73928C,United Kingdom,United Kingdom,Full-Time,English,United Kingdom,Male,No
629e59fecdff0531ba513348,5f3c29b01c4817a51a7d9d3c,APPROVED,2022-06-06 19:48:18.025000,2022-06-06 19:58:03.358000,585.333,44,588,2,100,2022-06-10 08:13:04.435000,2B73928C,United Kingdom,United Kingdom,Full-Time,English,United Kingdom,Male,No
629e5a0b31e76ee214c83515,5f883e9080d4db2a8b9a77b5,APPROVED,2022-06-06 19:48:30.551000,2022-06-06 20:09:16.230000,1245.679,30,109,0,100,2022-06-10 08:13:04.512000,2B73928C,United Kingdom,United Kingdom,Full-Time,English,United Kingdom,Male,No
629e5a17b67d0968b4937d79,6101555460885dc993940821,APPROVED,2022-06-06 19:48:46.565000,2022-06-06 19:53:46.791000,300.226,44,251,2,99,2022-06-10 08:13:04.589000,2B73928C,United Kingdom,United Kingdom,DATA EXPIRED,English,United Kingdom,Male,No
629e5a1d3ebda6e753bd5576,5bafad45f1f9ba00013f8983,APPROVED,2022-06-06 19:48:50.114000,2022-06-06 19:59:16.393000,626.279,59,660,0,100,2022-06-10 08:13:04.656000,2B73928C,United Kingdom,United Kingdom,Full-Time,English,United Kingdom,Male,No
629e5a27d20eb81ffd6adf12,60e41cfd4919c5ac3979003b,APPROVED,2022-06-06 19:48:58.429000,2022-06-06 19:59:10.570000,612.141,38,380,1,100,2022-06-10 08:13:04.730000,2B73928C,United Kingdom,United Kingdom,Part-Time,English,United Kingdom,Male,No
629e5a29aa5c62ab25e0e98c,58c714308158840001b5c676,RETURNED,2022-06-06 19:49:01.822000,,1869955.922393,46,551,5,98,,,CONSENT REVOKED,CONSENT REVOKED,CONSENT REVOKED,CONSENT REVOKED,CONSENT REVOKED,CONSENT REVOKED,CONSENT REVOKED
629e5a313dbadeacb87ad8e2,5f9ef609d0edb74d9aa4d2e1,APPROVED,2022-06-06 19:49:14.830000,2022-06-06 19:57:36.427000,501.597,53,576,1,100,2022-06-10 08:13:04.810000,2B73928C,United Kingdom,United Kingdom,Part-Time,English,United Kingdom,Male,No
629e5a32ef575759606080a4,5f037a89487947293ca48870,APPROVED,2022-06-06 19:49:16.377000,2022-06-06 20:01:01.468000,705.091,57,181,0,100,2022-06-10 08:13:04.875000,2B73928C,United Kingdom,United Kingdom,Full-Time,English,United Kingdom,Male,No
629e5a4032988b8ee3520911,5c1da6adaaf13200014292cc,APPROVED,2022-06-06 19:49:27.902000,2022-06-06 19:59:09.645000,581.743,32,432,0,100,2022-06-10 08:13:04.946000,2B73928C,United Kingdom,United Kingdom,DATA EXPIRED,English,United Kingdom,Male,No
629e5a405631406776c6ee80,5eac2b38e66aa2074015989b,TIMED-OUT,2022-06-06 19:49:22.792000,,1869935.003583,34,778,3,100,,,United Kingdom,United Kingdom,Full-Time,English,Ireland,Male,No
629e5a534ac9b2caa26d7272,60b778f22bec4cae8ca5cbc8,APPROVED,2022-06-06 19:49:44.391000,2022-06-06 19:57:23.861000,459.47,37,260,1,100,2022-06-10 08:13:05.015000,2B73928C,United Kingdom,United Kingdom,Full-Time,English,United Kingdom,Male,No
629e5a5dcb4aa58e27e3392d,5dd2ccb118beb62d260e6747,APPROVED,2022-06-06 19:49:53.175000,2022-06-06 20:00:09.283000,616.108,43,965,1,100,2022-06-10 08:13:05.088000,2B73928C,United Kingdom,United Kingdom,Part-Time,English,United Kingdom,Male,No
629e5a6255d08aab65c8a17c,59d40621f35ff40001914c87,APPROVED,2022-06-06 19:50:09.142000,2022-06-06 19:59:50.530000,581.388,38,479,5,98,2022-06-10 08:13:05.151000,2B73928C,United Kingdom,United Kingdom,Full-Time,English,United Kingdom,Male,No
629e5a6fe8adac9be34db3b4,597b0c6ed573480001404b95,APPROVED,2022-06-06 19:50:09.807000,2022-06-06 20:01:42.997000,693.19,34,1269,10,99,2022-06-10 08:13:05.219000,2B73928C,United Kingdom,United Kingdom,DATA EXPIRED,English,United Kingdom,Male,No
629e5a6ffb7dc3a39f1bfa50,5e10ad92a6eb6078856a5067,APPROVED,2022-06-06 19:50:12.489000,2022-06-06 20:02:49.315000,756.826,40,172,1,100,2022-06-10 08:13:05.287000,2B73928C,United Kingdom,United Kingdom,Full-Time,English,United Kingdom,Male,No
629e5a704316dba4eb25508d,5f3a77e36b950d0961317ef0,APPROVED,2022-06-06 19:50:12.439000,2022-06-06 19:59:20.669000,548.23,26,329,6,98,2022-06-10 08:13:05.422000,2B73928C,United Kingdom,United Kingdom,Full-Time,English,United Kingdom,Male,Yes
629e5a704ea3dad539ad692d,60734526fc3f36207efc18a1,APPROVED,2022-06-06 19:50:10.736000,2022-06-06 19:59:32.040000,561.304,28,193,3,99,2022-06-10 08:13:05.356000,2B73928C,United Kingdom,United Kingdom,Full-Time,English,United Kingdom,Male,No
629e5a81a832201341e6cef9,5a3c20a442e5230001171832,APPROVED,2022-06-06 19:53:45.791000,2022-06-06 20:04:55.288000,669.497,38,1094,16,97,2022-06-10 08:13:05.488000,2B73928C,United Kingdom,United Kingdom,Full-Time,English,United Kingdom,Male,No
629e5a9427d1bfb9bcd60d64,611e4473b1bc14664b7aa068,APPROVED,2022-06-06 19:50:48.854000,2022-06-06 19:58:49.431000,480.577,34,414,4,99,2022-06-10 08:13:05.555000,2B73928C,Albania,United Kingdom,Full-Time,English,United Kingdom,Male,No
629e5a985406925fb1379df6,5dd700957aa0d66a7aa8b8c5,APPROVED,2022-06-06 19:50:52.795000,2022-06-06 19:57:48.624000,415.829,41,738,9,96,2022-06-10 08:13:05.623000,2B73928C,United States,United States,Full-Time,English,United States,Male,DATA EXPIRED
629e5a9e951610a6332432ac,5c321ebf6558270001bd79aa,APPROVED,2022-06-06 19:51:00.611000,2022-06-06 19:57:36.842000,396.231,42,799,7,99,2022-06-10 08:13:05.689000,2B73928C,United Kingdom,United Kingdom,Full-Time,English,United Kingdom,Male,No
629e5aabb711dd14af081156,57824b69fa4465000113e18d,APPROVED,2022-06-06 19:51:11.271000,2022-06-06 19:55:05.879000,234.608,50,1058,28,95,2022-06-10 08:13:05.754000,2B73928C,United Kingdom,United Kingdom,Full-Time,English,United Kingdom,Male,No
629e5aafbfafbc2e1cfdb454,629e3fab063ee4fd03f92aa0,APPROVED,2022-06-06 19:51:16.860000,2022-06-06 20:01:53.325000,636.465,32,15,0,100,2022-06-10 08:13:05.826000,2B73928C,United States,United States,Unemployed (and job seeking),English,United States,Male,No
629e5ab068b22fa0b197fef2,5e12245e13ec5088f463b03b,APPROVED,2022-06-06 19:51:15.828000,2022-06-06 19:58:44.394000,448.566,48,424,1,100,2022-06-10 08:13:05.896000,2B73928C,United Kingdom,United Kingdom,DATA EXPIRED,English,United Kingdom,Male,DATA EXPIRED
629e5ad34a6ce1fb0570d39a,5c96a15a0225a000147bbd44,APPROVED,2022-06-06 19:51:49.863000,2022-06-06 20:00:23.881000,514.018,36,706,5,100,2022-06-10 08:13:05.959000,2B73928C,United Kingdom,United Kingdom,DATA EXPIRED,English,United Kingdom,Male,No
629e5ade84b64ae2df45295c,5d2143e21b06360019082ccd,APPROVED,2022-06-06 19:52:01.519000,2022-06-06 20:00:29.947000,508.428,24,202,3,98,2022-06-10 08:13:06.026000,2B73928C,United Kingdom,United Kingdom,DATA EXPIRED,English,United Kingdom,Male,DATA EXPIRED
629e5ae31db868e4f176e74f,5df7f73b6d8cc7000a390c2e,APPROVED,2022-06-06 19:52:06.290000,2022-06-06 20:00:33.730000,507.44,32,352,3,99,2022-06-10 08:13:06.091000,2B73928C,United Kingdom,United Kingdom,Full-Time,English,United Kingdom,Male,No
629e5ae3b2841d70c06c0a75,5872d1aaa205a90001e7f3a4,APPROVED,2022-06-06 19:52:06.686000,2022-06-06 19:54:42.629000,155.943,45,812,14,97,2022-06-10 08:13:06.156000,2B73928C,United Kingdom,United Kingdom,Full-Time,English,United Kingdom,Male,No
629e5ae4e827fd2534491c0f,616ac79dcdd6ef423d2a761e,APPROVED,2022-06-06 19:52:07.326000,2022-06-06 20:07:24.339000,917.013,65,352,2,100,2022-06-10 08:13:06.224000,2B73928C,United Kingdom,United Kingdom,"Not in paid work (e.g. homemaker', 'retired or disabled)",English,United Kingdom,Male,Yes
629e5aec564058e77d681d75,6007626d299a4c1474621584,APPROVED,2022-06-06 19:52:19.666000,2022-06-06 20:06:41.245000,861.579,53,499,2,100,2022-06-10 08:13:06.290000,2B73928C,United Kingdom,United Kingdom,"Not in paid work (e.g. homemaker', 'retired or disabled)",English,United Kingdom,Male,No
629e5b0071c8a84643aeef8b,5e14f72f557425b04528df9a,APPROVED,2022-06-06 19:55:06.675000,2022-06-06 20:04:36.056000,569.381,32,694,2,100,2022-06-10 08:13:06.372000,2B73928C,United Kingdom,United Kingdom,DATA EXPIRED,English,United Kingdom,Male,DATA EXPIRED
629e5b04b356e738d9b2b7b1,629e4ae8c7f48779af44877e,APPROVED,2022-06-06 19:52:47.412000,2022-06-06 20:07:27.660000,880.248,42,71,1,100,2022-06-10 08:13:06.443000,2B73928C,United States,United States,Part-Time,English,United States,Male,No
629e5b0728aa6cd3e6a671cd,5de21543762dc22548c937b3,APPROVED,2022-06-06 19:52:43.730000,2022-06-06 20:05:52.444000,788.714,38,417,7,97,2022-06-10 08:13:06.511000,2B73928C,United Kingdom,United Kingdom,DATA EXPIRED,English,United Kingdom,Male,No
629e5b1327d1bfb9bcd60d6d,56d33245321cae000b68d9e4,APPROVED,2022-06-06 19:52:51.008000,2022-06-06 20:06:30.691000,819.683,64,1074,5,100,2022-06-10 08:13:06.577000,2B73928C,United Kingdom,United Kingdom,DATA EXPIRED,English,United Kingdom,Male,DATA EXPIRED
629e5b1a1fa63aa29f6ccdaa,610147745f4b8aea552cc248,APPROVED,2022-06-06 19:53:00.638000,2022-06-06 20:03:51.805000,651.167,26,320,0,100,2022-06-10 08:13:06.646000,2B73928C,United Kingdom,United Kingdom,Part-Time,English,United Kingdom,Male,No
629e5b1dbc0aca7b27307ddd,593533d4ed2e9a0001d37c0b,APPROVED,2022-06-06 19:53:06.964000,2022-06-06 20:01:08.741000,481.777,49,1442,3,100,2022-06-10 08:13:06.709000,2B73928C,United Kingdom,United Kingdom,"Not in paid work (e.g. homemaker', 'retired or disabled)",English,United Kingdom,Male,No
629e5b2bc37d9830a3abe64c,5cb5464a6f451e00012da7cf,RETURNED,2022-06-06 20:03:15.313000,,1869103.087737,28,825,1,100,,,CONSENT REVOKED,CONSENT REVOKED,CONSENT REVOKED,CONSENT REVOKED,CONSENT REVOKED,CONSENT REVOKED,CONSENT REVOKED
629e5b2f951610a6332432b5,57a78015454e5400015f57ec,APPROVED,2022-06-06 19:53:22.878000,2022-06-06 20:02:40.234000,557.356,55,810,19,95,2022-06-10 08:13:06.778000,2B73928C,Ireland,United Kingdom,Full-Time,English,United Kingdom,Male,No
629e5b307b1f89f924ae69d2,5af892053aba4900015f0592,APPROVED,2022-06-06 19:53:24.909000,2022-06-06 20:05:25.488000,720.579,49,814,1,100,2022-06-10 08:13:06.842000,2B73928C,United Kingdom,United Kingdom,DATA EXPIRED,English,United Kingdom,Male,No
629e5b3eaba821f0b401ca28,629c733a53dc10f3e0250a6f,APPROVED,2022-06-06 19:54:01.171000,2022-06-06 20:01:00.062000,418.891,19,14,0,100,2022-06-10 08:13:06.907000,2B73928C,Malaysia,United Kingdom,DATA EXPIRED,English,Malaysia,Male,Yes
629e5c8cdedc87ece0205337,629e11c0d89e0c18f21e687a,APPROVED,2022-06-06 19:59:11.225000,2022-06-06 20:06:42.443000,451.218,27,52,0,100,2022-06-10 08:13:06.974000,2B73928C,United Kingdom,United Kingdom,Full-Time,English,United Kingdom,Male,No
629e6056a1fa5cf0dab1dd5c,60a5948b01c579f729232914,APPROVED,2022-06-06 20:15:21.524000,2022-06-06 20:21:26.220000,364.696,25,217,0,100,2022-06-10 08:13:14.162000,2B73928C,United Kingdom,United Kingdom,Full-Time,English,United Kingdom,Female,No
629e6057fbc3e88a16ded3dd,6015d59d1e8f20719f170c47,APPROVED,2022-06-06 20:15:22.440000,2022-06-06 20:20:31.056000,308.616,22,233,0,100,2022-06-10 08:13:14.240000,2B73928C,United Kingdom,United Kingdom,Part-Time,English,United Kingdom,Female,Yes
629e63d8f147de84c8025e9a,60f2827edef72723df274d53,APPROVED,2022-06-06 20:30:21.015000,2022-06-06 20:43:44.761000,803.746,38,357,5,98,2022-06-10 08:13:14.314000,2B73928C,United Kingdom,United Kingdom,Part-Time,English,United Kingdom,Female,No
629e63d9dc62396e0f239e49,5fae21a54a4443270635904c,APPROVED,2022-06-06 20:30:22.658000,2022-06-06 20:47:27.916000,1025.258,28,405,3,99,2022-06-10 08:13:14.450000,2B73928C,Zimbabwe,United Kingdom,Full-Time,English,Zimbabwe,Female,Yes
629e63d9dcb43d4fe0837e52,5efc6a4ba720250009909dfe,APPROVED,2022-06-06 20:30:17.290000,2022-06-06 20:39:15.679000,538.389,51,858,3,100,2022-06-10 08:13:14.382000,2B73928C,United Kingdom,United Kingdom,Full-Time,English,United Kingdom,Female,No
629e675ca1e715f0da720ed8,5f4b9740fdda0b04d86a533c,APPROVED,2022-06-06 20:45:24.144000,2022-06-06 21:01:18.144000,954.0,37,834,0,100,2022-06-10 08:13:07.038000,2B73928C,United Kingdom,United Kingdom,Full-Time,English,United Kingdom,Male,No
629e675d58ff7061a394fd15,5eefae66afa4e549ac714f73,APPROVED,2022-06-06 20:45:17.660000,2022-06-06 21:06:29.369000,1271.709,26,685,1,100,2022-06-10 08:13:07.100000,2B73928C,United Kingdom,United Kingdom,Full-Time,English,United Kingdom,Male,No
